phrase,word1,word2
hot dog,hot,dog
ice cream,ice,cream
card game,card,game
front door,front,door
high school,high,school
fire truck,fire,truck
rain coat,rain,coat
seat belt,seat,belt
bus stop,bus,stop
stop sign,stop,sign
sign post,sign,post
post card,post,card
credit card,credit,card
card table,card,table
table lamp,table,lamp
lamp shade,lamp,shade
window shade,window,shade
window seat,window,seat
car seat,car,seat
car wash,car,wash
hand wash,hand,wash
dish soap,dish,soap
soap dish,soap,dish
side dish,side,dish
road side,road,side
side door,side,door
back door,back,door
door frame,door,frame
picture frame,picture,frame
time frame,time,frame
spare time,spare,time
time zone,time,zone
war zone,war,zone
safe zone,safe,zone
comfort zone,comfort,zone
end zone,end,zone
school zone,school,zone
school bus,school,bus
tour bus,tour,bus
bus route,bus,route
trade route,trade,route
trade show,trade,show
talk show,talk,show
show time,show,time
bed time,bed,time
dinner time,dinner,time
lunch time,lunch,time
lunch box,lunch,box
tool box,tool,box
box car,box,car
toy car,toy,car
race car,race,car
car door,car,door
garage door,garage,door
front porch,front,porch
porch swing,porch,swing
swing set,swing,set
tea set,tea,set
tea cup,tea,cup
cup cake,cup,cake
cake pan,cake,pan
frying pan,frying,pan
pan handle,pan,handle
door handle,door,handle
broom handle,broom,handle
broom closet,broom,closet
coat closet,coat,closet
coat rack,coat,rack
bike rack,bike,rack
bike path,bike,path
garden path,garden,path
garden hose,garden,hose
fire hose,fire,hose
hose reel,hose,reel
fishing reel,fishing,reel
fishing boat,fishing,boat
row boat,row,boat
boat dock,boat,dock
loading dock,loading,dock
dock worker,dock,worker
farm worker,farm,worker
farm house,farm,house
house plant,house,plant
plant pot,plant,pot
flower pot,flower,pot
flower bed,flower,bed
bed sheet,bed,sheet
sheet music,sheet,music
music box,music,box
toy box,toy,box
sand box,sand,box
sand castle,sand,castle
sand dune,sand,dune
beach ball,beach,ball
ball game,ball,game
game day,game,day
market day,market,day
day camp,day,camp
summer camp,summer,camp
camp fire,camp,fire
fire pit,fire,pit
peach pit,peach,pit
pit stop,pit,stop
full stop,full,stop
truck stop,truck,stop
food truck,food,truck
dump truck,dump,truck
truck bed,truck,bed
water bed,water,bed
water tank,water,tank
fish tank,fish,tank
tank top,tank,top
table top,table,top
top hat,top,hat
sun hat,sun,hat
hard hat,hard,hat
hat rack,hat,rack
dish rack,dish,rack
wine rack,wine,rack
book shelf,book,shelf
book store,book,store
store front,store,front
lake front,lake,front
front yard,front,yard
back yard,back,yard
yard sale,yard,sale
tag sale,tag,sale
price tag,price,tag
name tag,name,tag
dog tag,dog,tag
dog park,dog,park
park bench,park,bench
work bench,work,bench
bench press,bench,press
drill press,drill,press
press box,press,box
mail box,mail,box
mail room,mail,room
living room,living,room
room key,room,key
car key,car,key
house key,house,key
key chain,key,chain
chain link,chain,link
link fence,link,fence
fence post,fence,post
lamp post,lamp,post
post office,post,office
box office,box,office
office chair,office,chair
high chair,high,chair
chair lift,chair,lift
ski lift,ski,lift
fork lift,fork,lift
salad fork,salad,fork
dinner fork,dinner,fork
dinner plate,dinner,plate
home plate,home,plate
plate glass,plate,glass
glass jar,glass,jar
cookie jar,cookie,jar
jam jar,jam,jar
paper jam,paper,jam
traffic jam,traffic,jam
traffic light,traffic,light
flash light,flash,light
light bulb,light,bulb
tulip bulb,tulip,bulb
flower shop,flower,shop
gift shop,gift,shop
shop floor,shop,floor
dance floor,dance,floor
floor plan,floor,plan
game plan,game,plan
flight plan,flight,plan
flight deck,flight,deck
pool deck,pool,deck
deck chair,deck,chair
lawn chair,lawn,chair
lawn mower,lawn,mower
push mower,push,mower
push cart,push,cart
golf cart,golf,cart
cart wheel,cart,wheel
spare wheel,spare,wheel
wheel chair,wheel,chair
rocking chair,rocking,chair
rocking horse,rocking,horse
horse barn,horse,barn
dairy barn,dairy,barn
barn door,barn,door
storm door,storm,door
storm cloud,storm,cloud
rain cloud,rain,cloud
cloud cover,cloud,cover
book cover,book,cover
ground cover,ground,cover
ground floor,ground,floor
ground beef,ground,beef
roast beef,roast,beef
pot roast,pot,roast
crock pot,crock,pot
coffee pot,coffee,pot
coffee cup,coffee,cup
paper cup,paper,cup
cup holder,cup,holder
candle holder,candle,holder
place holder,place,holder
card holder,card,holder
ticket holder,ticket,holder
ticket booth,ticket,booth
phone booth,phone,booth
voting booth,voting,booth
photo booth,photo,booth
photo album,photo,album
stamp album,stamp,album
postage stamp,postage,stamp
rubber stamp,rubber,stamp
stamp pad,stamp,pad
note pad,note,pad
mouse pad,mouse,pad
lily pad,lily,pad
heating pad,heating,pad
launch pad,launch,pad
knee pad,knee,pad
sketch pad,sketch,pad
writing pad,writing,pad
legal pad,legal,pad
brake pad,brake,pad
dinner bell,dinner,bell
door bell,door,bell
bell tower,bell,tower
clock tower,clock,tower
water tower,water,tower
tower crane,tower,crane
paper crane,paper,crane
crane lift,crane,lift
heavy lift,heavy,lift
face lift,face,lift
ski lodge,ski,lodge
hunting lodge,hunting,lodge
lodge pole,lodge,pole
flag pole,flag,pole
tent pole,tent,pole
pole barn,pole,barn
tent stake,tent,stake
tent flap,tent,flap
cat flap,cat,flap
mud flap,mud,flap
pocket flap,pocket,flap
shirt pocket,shirt,pocket
front pocket,front,pocket
back pocket,back,pocket
pocket watch,pocket,watch
wrist watch,wrist,watch
watch band,watch,band
wedding band,wedding,band
rock band,rock,band
band wagon,band,wagon
station wagon,station,wagon
train station,train,station
gas station,gas,station
radio station,radio,station
space station,space,station
space ship,space,ship
cruise ship,cruise,ship
ship deck,ship,deck
sun deck,sun,deck
deck hand,deck,hand
farm hand,farm,hand
hand rail,hand,rail
guard rail,guard,rail
rail car,rail,car
cable car,cable,car
cable box,cable,box
shoe box,shoe,box
shoe store,shoe,store
shoe rack,shoe,rack
bike shop,bike,shop
body shop,body,shop
print shop,print,shop
barber shop,barber,shop
shop window,shop,window
bay window,bay,window
window box,window,box
window pane,window,pane
glass pane,glass,pane
stained glass,stained,glass
glass door,glass,door
sliding door,sliding,door
screen door,screen,door
screen print,screen,print
fine print,fine,print
print run,print,run
trial run,trial,run
home run,home,run
run time,run,time
drive time,drive,time
test drive,test,drive
hard drive,hard,drive
drive shaft,drive,shaft
mine shaft,mine,shaft
elevator shaft,elevator,shaft
grain elevator,grain,elevator
grain mill,grain,mill
wind mill,wind,mill
mill stone,mill,stone
stepping stone,stepping,stone
stone wall,stone,wall
brick wall,brick,wall
sea wall,sea,wall
wall clock,wall,clock
alarm clock,alarm,clock
clock face,clock,face
clock hand,clock,hand
minute hand,minute,hand
second hand,second,hand
helping hand,helping,hand
poker hand,poker,hand
hand towel,hand,towel
paper towel,paper,towel
beach towel,beach,towel
towel rack,towel,rack
towel bar,towel,bar
snack bar,snack,bar
candy bar,candy,bar
salad bar,salad,bar
bar stool,bar,stool
step stool,step,stool
piano stool,piano,stool
piano bench,piano,bench
piano key,piano,key
brass key,brass,key
skeleton key,skeleton,key
master key,master,key
pass key,pass,key
key ring,key,ring
boxing ring,boxing,ring
tree ring,tree,ring
ring tone,ring,tone
dial tone,dial,tone
skin tone,skin,tone
earth tone,earth,tone
half tone,half,tone
tone arm,tone,arm
chair arm,chair,arm
arm rest,arm,rest
foot rest,foot,rest
bed rest,bed,rest
nest egg,nest,egg
egg roll,egg,roll
drum roll,drum,roll
rock roll,rock,roll
roll call,roll,call
phone call,phone,call
wake call,wake,call
port call,port,call
port hole,port,hole
key hole,key,hole
button hole,button,hole
shirt button,shirt,button
belly button,belly,button
pause button,pause,button
power button,power,button
power line,power,line
phone line,phone,line
finish line,finish,line
goal line,goal,line
sky line,sky,line
tree line,tree,line
cruise line,cruise,line
time line,time,line
line dance,line,dance
tap dance,tap,dance
square dance,square,dance
barn dance,barn,dance
dance hall,dance,hall
town hall,town,hall
city hall,city,hall
hall way,hall,way
drive way,drive,way
one way,one,way
fair way,fair,way
run way,run,way
path way,path,way
foot path,foot,path
tow path,tow,path
hiking path,hiking,path
hiking boot,hiking,boot
cowboy boot,cowboy,boot
boot camp,boot,camp
day pack,day,pack
pack mule,pack,mule
ice pack,ice,pack
cold pack,cold,pack
fanny pack,fanny,pack
six pack,six,pack
pack horse,pack,horse
horse shoe,horse,shoe
brake shoe,brake,shoe
wooden shoe,wooden,shoe
snow shoe,snow,shoe
shoe lace,shoe,lace
boot lace,boot,lace
lace trim,lace,trim
window trim,window,trim
hedge trim,hedge,trim
door trim,door,trim
trim tab,trim,tab
guitar tab,guitar,tab
bar tab,bar,tab
soda tab,soda,tab
tab key,tab,key
hot key,hot,key
skeleton crew,skeleton,crew
ground crew,ground,crew
crew cut,crew,cut
buzz cut,buzz,cut
paper cut,paper,cut
price cut,price,cut
tax cut,tax,cut
short cut,short,cut
crew neck,crew,neck
turtle neck,turtle,neck
bottle neck,bottle,neck
neck tie,neck,tie
bow tie,bow,tie
tie clip,tie,clip
paper clip,paper,clip
hair clip,hair,clip
video clip,video,clip
spring clip,spring,clip
spring roll,spring,roll
spring water,spring,water
tap water,tap,water
fresh water,fresh,water
salt water,salt,water
water main,water,main
main street,main,street
side street,side,street
street sign,street,sign
neon sign,neon,sign
peace sign,peace,sign
plus sign,plus,sign
dollar sign,dollar,sign
road sign,road,sign
road map,road,map
treasure map,treasure,map
site map,site,map
floor map,floor,map
trail map,trail,map
nature trail,nature,trail
paper trail,paper,trail
hiking trail,hiking,trail
bike trail,bike,trail
trail mix,trail,mix
cake mix,cake,mix
brownie mix,brownie,mix
sound mix,sound,mix
mix tape,mix,tape
duct tape,duct,tape
packing tape,packing,tape
tape deck,tape,deck
tape measure,tape,measure
half measure,half,measure
safety measure,safety,measure
gold bar,gold,bar
sand bar,sand,bar
grab bar,grab,bar
towel bar,towel,bar
tow bar,tow,bar
steel bar,steel,bar
space bar,space,bar
bar code,bar,code
zip code,zip,code
area code,area,code
dress code,dress,code
code word,code,word
pass word,pass,word
key word,key,word
last word,last,word
word game,word,game
video game,video,game
board game,board,game
fair game,fair,game
wild game,wild,game
end game,end,game
game bird,game,bird
song bird,song,bird
humming bird,humming,bird
mocking bird,mocking,bird
bird house,bird,house
tree house,tree,house
green house,green,house
guest house,guest,house
club house,club,house
house boat,house,boat
speed boat,speed,boat
steam boat,steam,boat
tug boat,tug,boat
boat race,boat,race
horse race,horse,race
relay race,relay,race
race track,race,track
train track,train,track
sound track,sound,track
track meet,track,meet
swim meet,swim,meet
town meet,town,meet
meat loaf,meat,loaf
sugar loaf,sugar,loaf
bread loaf,bread,loaf
banana bread,banana,bread
corn bread,corn,bread
bread crumb,bread,crumb
bread box,bread,box
bread basket,bread,basket
picnic basket,picnic,basket
gift basket,gift,basket
laundry basket,laundry,basket
basket ball,basket,ball
cotton ball,cotton,ball
golf ball,golf,ball
tennis ball,tennis,ball
crystal ball,crystal,ball
gum ball,gum,ball
snow ball,snow,ball
ball park,ball,park
theme park,theme,park
state park,state,park
trailer park,trailer,park
car park,car,park
park ranger,park,ranger
forest ranger,forest,ranger
forest fire,forest,fire
forest floor,forest,floor
ocean floor,ocean,floor
ocean wave,ocean,wave
heat wave,heat,wave
wave pool,wave,pool
car pool,car,pool
pool table,pool,table
coffee table,coffee,table
dinner table,dinner,table
water table,water,table
end table,end,table
side table,side,table
table cloth,table,cloth
wash cloth,wash,cloth
dish cloth,dish,cloth
face cloth,face,cloth
cloth bag,cloth,bag
tote bag,tote,bag
sleeping bag,sleeping,bag
paper bag,paper,bag
bean bag,bean,bag
bag lunch,bag,lunch
box lunch,box,lunch
power lunch,power,lunch
lunch break,lunch,break
coffee break,coffee,break
spring break,spring,break
tax break,tax,break
lucky break,lucky,break
break room,break,room
bath room,bath,room
class room,class,room
show room,show,room
store room,store,room
room mate,room,mate
play mate,play,mate
team mate,team,mate
check mate,check,mate
soul mate,soul,mate
first mate,first,mate
